Date,Platform,Content,Hashtags,Schedule,Status,Notes
2025-01-06,All,"ðŸŽ¯ Motivation Monday: Start your week knowing your phone is secure with FINDERR! Never lose your device permanently again.","#MotivationMonday #FINDERR #PhoneSecurity #UNTRAPDHub",09:00,Pending,Daily Theme - Monday
2025-01-07,All,"ðŸ”§ Tech Tuesday: Did you know? FINDERR's device identification system works instantly to help recover your lost phone!","#TechTuesday #TechTips #FINDERR #PhoneRecovery",12:00,Pending,Daily Theme - Tuesday
2025-01-08,All,"âš¡ Widget Wednesday: FINDERR's smart widget keeps your phone findable 24/7 with zero battery drain!","#WidgetWednesday #FINDERR #SmartWidget #TechLife",15:00,Pending,Daily Theme - Wednesday
2025-01-09,All,"ðŸ“¸ Throwback Thursday: Remember when losing your phone meant losing all your photos, contacts, and memories? FINDERR changed everything!","#ThrowbackThursday #PhoneSecurity #LifeSaver #FINDERR",18:00,Pending,Daily Theme - Thursday
2025-01-10,All,"ðŸš€ Feature Friday: FINDERR's core device identification features keep getting better! Family sharing coming in future updates!","#FeatureFriday #FINDERR #DeviceID #AppUpdate",09:00,Pending,Daily Theme - Friday
2025-01-11,All,"ðŸŒŸ Weekend Wins: This week, FINDERR helped 47 users recover their lost phones! Share your success story in the comments!","#WeekendWins #UserStories #FINDERR #Community",11:00,Pending,Daily Theme - Saturday
2025-01-12,All,"ðŸ’ª Sunday Success: Join 2,000+ users who never worry about losing their phones thanks to FINDERR! Download today!","#SundaySuccess #JoinTheMovement #FINDERR #PhoneSecurity",14:00,Pending,Daily Theme - Sunday
2025-01-13,All,"ðŸŽ¯ New Week Energy: FINDERR users report 99% phone recovery success rate! Your security is our mission!","#MondayMotivation #FINDERR #99Percent #PhoneSecurity",09:00,Pending,Daily Theme - Monday Alt
2025-01-14,All,"ðŸ’¡ Tech Insight: FINDERR's device identification system helps authorities and users locate lost devices efficiently!","#TechTuesday #DeviceID #FINDERR #Innovation",12:00,Pending,Daily Theme - Tuesday Alt
2025-01-15,All,"ðŸŽ® Widget Power: Make FINDERR your phone's superhero widget - always protecting, never intruding!","#WidgetWednesday #SuperheroWidget #FINDERR #Protection",15:00,Pending,Daily Theme - Wednesday Alt
MILESTONE,All,"ðŸŽ‰ MILESTONE ALERT: 500 users have joined the UNTRAPD Hub family! Thank you for trusting FINDERR with your phone security!","#Milestone #UNTRAPDHub #FINDERR #Community #500Users",IMMEDIATE,Template,Milestone - 500 Users
MILESTONE,All,"ðŸš€ INCREDIBLE: 1,000 FINDERR users can't be wrong! Your phone security matters, and we're here to protect it!","#1000Users #FINDERR #PhoneSecurity #Community #Grateful",IMMEDIATE,Template,Milestone - 1000 Users
MILESTONE,All,"âš¡ URGENT: Only 500 lifetime access spots remaining! Secure your FINDERR lifetime membership before it's too late!","#LifetimeAccess #LastChance #FINDERR #LimitedOffer #500Left",IMMEDIATE,Template,Milestone - 1500 Users
MILESTONE,All,"ðŸ”¥ FINAL CALL: Last 100 lifetime FINDERR memberships available! Don't miss permanent phone security at this price!","#FinalCall #100Left #FINDERR #LifetimeAccess #LastChance",IMMEDIATE,Template,Milestone - 1900 Users
MILESTONE,All,"âœ… ACHIEVEMENT UNLOCKED: 2,000 lifetime members secured! Monthly subscriptions now available for new users!","#AchievementUnlocked #2000Members #FINDERR #LifetimeComplete",IMMEDIATE,Template,Milestone - 2000 Users
2025-01-20,Instagram,"ðŸ“± Story Time: Sarah from Chicago never worried about phone theft again after installing FINDERR. What's your phone security story?","#UserStory #PhoneSecurity #FINDERR #Community #Chicago",16:00,Pending,User Story - Instagram Focus
2025-01-20,Facebook,"Community Question: What's the most stressful thing about losing your phone? FINDERR users say 'Not anymore!' - join the conversation!","#CommunityQuestion #PhoneLoss #FINDERR #Discussion",10:00,Pending,Engagement - Facebook Focus
2025-01-20,Pinterest,"FINDERR Phone Security Tips: 10 Ways to Never Lose Your Phone Again - Save this pin for ultimate device protection!","#PhoneSecurityTips #FINDERR #DeviceProtection #TechTips",14:00,Pending,Educational - Pinterest Focus
2025-01-20,Reddit,"PSA: After using 20+ phone security apps, FINDERR is the only one that actually works when your phone is stolen/lost. AMA about phone security!","#PSA #PhoneSecurity #FINDERR #AMA",19:00,Pending,Educational - Reddit Focus
2025-01-25,All,"ðŸ“Š Weekly Stats: FINDERR users saved an average of $1,247 this week by NOT having to replace lost phones! How much have you saved?","#WeeklyStats #MoneySaved #FINDERR #PhoneProtection",10:00,Pending,Statistics Post
2025-01-30,All,"ðŸŽ¯ Month-End Reflection: January brought 312 new FINDERR users to phone security freedom. February goals: Help 500 more! Who's in?","#MonthEndReflection #312NewUsers #February Goals #FINDERR",17:00,Pending,Monthly Summary